k,inertia,silhouette,nmi,ari,ami,variant,vocabulary,n_components
2,251.76112223777722,0.20291947743717745,0.2669661740971563,0.11283875858844465,0.2659983538715797,default,24746,5
3,175.58442199522412,0.3147269571067333,0.5624804026193228,0.451392012371578,0.5615810779303726,default,24746,5
4,134.87210067430973,0.3588988339420784,0.6516910938811953,0.6110321918703824,0.6507292333065932,default,24746,5
5,85.63244548910406,0.4391003429628185,0.716204067963219,0.744984339019688,0.7152426359701124,default,24746,5
6,70.69362887572291,0.39269475288984157,0.6768931467222714,0.6318509348384096,0.6755910916389903,default,24746,5
7,63.116325043573156,0.3733656185424148,0.6737700994783546,0.622830345771538,0.6722534281858675,default,24746,5
8,58.050317483315624,0.35372973971604105,0.6417535064754446,0.5751641957721791,0.6398737958498087,default,24746,5
9,53.94092416978889,0.335658185042769,0.6424075686038293,0.5588022174296342,0.6403260809327381,default,24746,5
10,47.108100958886084,0.31983459711530143,0.6349872804983249,0.4830217745455693,0.6326818649515694,default,24746,5
11,43.40995099833707,0.3190540311493307,0.6335896574463207,0.45929329245791023,0.6310692787631763,default,24746,5
12,41.75968144577806,0.3134732151769395,0.6246151454018981,0.4504252386142215,0.6218205550083404,default,24746,5
13,39.79600945814453,0.30930567100211026,0.6150207410024554,0.43140864570486753,0.611950541144624,default,24746,5
14,37.777429980319305,0.30222908731977666,0.6047243284705598,0.3937990157152959,0.6013724461542682,default,24746,5
15,36.43935640622987,0.29739770290613926,0.5971123938930545,0.3767084106528454,0.5934774178137869,default,24746,5
16,34.47503906072862,0.2823402376787608,0.588387845815873,0.3468572521556116,0.5844813737383617,default,24746,5
17,33.01958597647225,0.27883403340689455,0.5856654579141767,0.328947853827962,0.5815353878046069,default,24746,5
18,31.772489740350686,0.2770436465150174,0.585611654841341,0.3218430687957148,0.5812601487527244,default,24746,5
19,31.195985453852572,0.26782110606434995,0.5754905498983459,0.3097493984260506,0.5708145164689318,default,24746,5
20,30.23100832880842,0.26225991941189575,0.5667843220992058,0.2934332446526907,0.5617962072689274,default,24746,5
21,29.445770230599024,0.2594860321384012,0.5584926487908008,0.2752670566018915,0.5531943768465818,default,24746,5
22,28.479663887138024,0.26177328535790434,0.5593571355825813,0.2735564892404045,0.5538448891345409,default,24746,5
23,27.95353945767742,0.2553333717150018,0.5541615104357699,0.26179678216774516,0.5483700271979455,default,24746,5
24,27.567790553744256,0.24845108717722006,0.552320947333653,0.2564802433074755,0.5462681336160199,default,24746,5
25,27.076882730737044,0.24702712021874537,0.5504380014269133,0.25239968264540225,0.5441057509228124,default,24746,5
26,26.415946391477984,0.24429802151955723,0.5479718068490129,0.24248400850572127,0.5414033824105757,default,24746,5
27,25.990210663935358,0.2411707913869267,0.5469723592757592,0.23951466615732145,0.5401294670373469,default,24746,5
28,25.64105750875071,0.2293789493673288,0.5359414487597293,0.22196423173890142,0.5287323792168597,default,24746,5
29,25.076652019260198,0.22683281851803339,0.5352729195235054,0.2172156408269472,0.5278365220369632,default,24746,5
30,24.470677792575692,0.22835706392765814,0.5298379941145711,0.2101555500154928,0.5220939275752288,default,24746,5
31,23.905666675353054,0.23024858707205606,0.5354525973555784,0.20925155258413125,0.5275742899725018,default,24746,5
32,23.17744960285883,0.2354438420515074,0.5322980127783191,0.20610663273580404,0.5241336773197328,default,24746,5
33,22.751029920810794,0.23309945251879838,0.5288356053885315,0.1966458386484844,0.5204052913851593,default,24746,5
34,22.35921949917996,0.22870721892973533,0.5252599477311624,0.1876227882236315,0.5165491697962105,default,24746,5
35,21.880266989860388,0.22972677367635014,0.52626937420986,0.18617369259263752,0.5173344517613525,default,24746,5
36,21.426901360220704,0.23227943828899233,0.525222466857442,0.18121566031081116,0.516032624716286,default,24746,5
37,21.22154493548567,0.22949149375674077,0.5225350527926932,0.1764665725663352,0.5130736001330516,default,24746,5
38,21.101082991567594,0.2249654810783867,0.5160155079812833,0.17202596059331218,0.5061841808777854,default,24746,5
39,20.579410708838292,0.22783148922814647,0.5123118965782404,0.16763741891137549,0.5021728488469648,default,24746,5
40,19.7663154906289,0.23208759205929963,0.5145403638732093,0.16374785774041098,0.5042324822852161,default,24746,5
2,398.67424164765407,0.10109455030464393,0.30571472497810054,0.13578011832359888,0.30480549850964733,default,24746,10
3,352.7084843375996,0.13425185897089376,0.5062181885224806,0.3676259822679823,0.5051843619793429,default,24746,10
4,294.29867866031555,0.20629313798314572,0.6559083427832093,0.6063597274112714,0.6549564252752357,default,24746,10
5,247.65048413126593,0.25611925305611116,0.7880754885535358,0.8248538913501672,0.7873590600374566,default,24746,10
6,227.80034471767078,0.2216230467182131,0.6718270592064093,0.6267064518214671,0.6705016735064006,default,24746,10
7,197.96783082202018,0.24895819909706376,0.6344054520397107,0.5500612626539213,0.6327033452929096,default,24746,10
8,179.74216845159555,0.2689073468671498,0.612087836205748,0.5167723875427715,0.6100362284196054,default,24746,10
9,162.9635672534215,0.2797010227126395,0.6366756941499473,0.5408817225935107,0.6345523235421742,default,24746,10
10,147.80972031181153,0.2887639553582381,0.6035102411183374,0.47231790664274026,0.6009761073845592,default,24746,10
11,135.55575771302628,0.29148287336703693,0.5985269868808242,0.41198304127729285,0.5957625363353076,default,24746,10
12,129.60790646555645,0.2840043259138107,0.5933969960020818,0.40460149190715844,0.5903772644401732,default,24746,10
13,124.25931379177486,0.2799711547795874,0.5886588223039064,0.39279810554889943,0.5853678233049083,default,24746,10
14,119.02968382684703,0.2770318217685181,0.5755772151666771,0.37199108050542157,0.5719498470780277,default,24746,10
15,115.79285511477211,0.2703818489207921,0.568410810235318,0.3567040629683221,0.5644973227026446,default,24746,10
16,113.78899998386464,0.2669190567770746,0.5675312603458196,0.34898258940412297,0.5633664120242576,default,24746,10
17,112.32464182143296,0.2575043262588843,0.5654677828050412,0.3452124953194868,0.5610323773229908,default,24746,10
18,107.93200845614129,0.25510004667725533,0.5604002324369104,0.33427339558732816,0.5556974142740467,default,24746,10
19,103.3709382504393,0.249733195959502,0.5593024975414348,0.30972125888341806,0.554400045444154,default,24746,10
20,100.75065622188681,0.2508066724569998,0.5481988774774161,0.30183788787371796,0.5429382195862412,default,24746,10
21,96.92064958762955,0.24905196469616794,0.5521473487482372,0.2974530896126306,0.5466901542808744,default,24746,10
22,95.58279073008285,0.23827945748366045,0.5455176842567226,0.27557226025922466,0.539779868526223,default,24746,10
23,93.4780910366936,0.23235477265130397,0.5411655914658018,0.2595069573822234,0.5351575423428737,default,24746,10
24,92.13100355366451,0.22656966998197803,0.5390173472025547,0.2562781418371355,0.5327426811671514,default,24746,10
25,90.14273722543703,0.225053814465755,0.5331500278136991,0.24342237132680375,0.5265791931440208,default,24746,10
26,89.43478380797345,0.21960406925858153,0.5297012520174924,0.23800305065525168,0.5228379936257004,default,24746,10
27,87.06137491029267,0.22524855845773215,0.5490104437287436,0.2503149074681119,0.5421808502638197,default,24746,10
28,85.41552390317213,0.22314828347231233,0.5374592468832602,0.2415166563376231,0.5302340515584021,default,24746,10
29,83.25833846882806,0.2246875630633693,0.5365580684535025,0.23204866750035566,0.5290777643341225,default,24746,10
30,81.85159770674629,0.22338413720980058,0.5330943216908204,0.22505982579485476,0.5253295723900462,default,24746,10
31,80.1004082383067,0.2249615299042883,0.5360043827936369,0.21953863298384144,0.5280877324065163,default,24746,10
32,79.21849698496615,0.22450088747040653,0.5343537751419455,0.21752855047879535,0.5261573610634983,default,24746,10
33,77.99413069629357,0.22434058655413655,0.532293104842346,0.2163625716455908,0.5237936911212004,default,24746,10
34,77.20416151811278,0.22312104533804789,0.5264041061782921,0.20761776416643085,0.5175702397300495,default,24746,10
35,76.75664846893055,0.22492951422556634,0.5293671259010003,0.21055696261092605,0.5203070755519603,default,24746,10
36,75.7986299245354,0.21820244551716705,0.5180837153954757,0.19767287766094327,0.5086166202177451,default,24746,10
37,75.29499053218646,0.21400070743593536,0.5167162708743498,0.19536329847650732,0.5069716877002723,default,24746,10
38,74.1077084924893,0.21411599100780437,0.5147411977194183,0.19032110200277505,0.5047344577178825,default,24746,10
39,73.2126522423304,0.21427919499715747,0.5151321151707691,0.18902170129024934,0.5049105814935945,default,24746,10
40,71.48840677136546,0.21878571841269057,0.5138883805069684,0.18195649307388587,0.5034215321568285,default,24746,10
2,548.0216154470359,0.05399723379596069,0.3493694224026251,0.16989013104320347,0.3485335764151435,default,24746,20
3,492.77522881030103,0.10711063267508826,0.5850510541010681,0.4073429662825542,0.5841752313865487,default,24746,20
4,452.54101643307985,0.13261262369275162,0.7397608275756834,0.6962295922581491,0.7390468050352039,default,24746,20
5,429.74382388917496,0.14193400780871815,0.7261892975928124,0.6557794254503756,0.7252339317063891,default,24746,20
6,394.59672057211014,0.16880654828827368,0.6948720726547261,0.6628339482938242,0.6936237198987343,default,24746,20
7,372.88848034847035,0.16991409705006857,0.7382446273350999,0.6968209247934539,0.7370177065563968,default,24746,20
8,353.53865107375,0.15390273427097348,0.6892766756611369,0.589164059028318,0.6876396627310568,default,24746,20
9,326.951760615851,0.18489175704209854,0.6497274427954332,0.5170385746126135,0.6476800915046851,default,24746,20
10,316.1242286480468,0.18536418448155018,0.6311418067607127,0.4913351746925353,0.6287849839234696,default,24746,20
11,300.5864104687329,0.19815249064550747,0.6109156010322644,0.4499962956433903,0.6082017998410966,default,24746,20
12,288.81000195456954,0.20784701895074886,0.6033944522913006,0.4372859777160336,0.6003897840604845,default,24746,20
13,275.41425390921347,0.20854226953424806,0.5996570938345621,0.41951818411370406,0.5964019313862338,default,24746,20
14,266.28250884617495,0.2140280291083891,0.5922439243848936,0.3963574713180884,0.5887177683102245,default,24746,20
15,261.0950020733323,0.20578420109357348,0.5852176584523707,0.380811494020097,0.5813980538294135,default,24746,20
16,245.75029008254646,0.22303784227639725,0.5700048856805441,0.32793014099201445,0.5658451828902717,default,24746,20
17,237.8107364308255,0.21908490481654416,0.5631315368553691,0.32500658498750806,0.5587263065536024,default,24746,20
18,233.49882401706333,0.21567057445599055,0.5653741696154742,0.3169928078889136,0.5607799801462734,default,24746,20
19,229.0291314553681,0.21141320465725047,0.563945692881561,0.3024909923207112,0.5591155339972416,default,24746,20
20,220.8560398200573,0.21334865207533482,0.5491502138462174,0.28225624697552365,0.5439328804062652,default,24746,20
21,212.84978984582884,0.20985283719479036,0.5478939760082231,0.28773071339411577,0.5423608744687735,default,24746,20
22,209.77806834248312,0.20556493921420624,0.5465622941493775,0.2803364959870588,0.5407719712064769,default,24746,20
23,203.02516034624938,0.21504182506776606,0.5442733649958581,0.26404553440679673,0.5381665426833978,default,24746,20
24,201.34166051362445,0.21127127904041837,0.5433908513242158,0.2617010911804287,0.5370090554500171,default,24746,20
25,192.80124136335215,0.21425470444088024,0.5354688826530541,0.24798835502084346,0.5288193136693191,default,24746,20
26,191.60739649958856,0.21063219932722368,0.5393616983138751,0.2534171076657185,0.5325100186577585,default,24746,20
27,186.12162912069152,0.21610169100806761,0.5345213003755335,0.24525417210224026,0.5273632232376559,default,24746,20
28,183.26221102342134,0.21517285961863414,0.5319101256607277,0.23593402009438041,0.5244708604848246,default,24746,20
29,179.64576868979762,0.21929221404297997,0.5224825999190321,0.23040202321823322,0.5146033228364971,default,24746,20
30,175.25926223765612,0.2214685124683462,0.5288642955730278,0.23247975699289922,0.5208969979394069,default,24746,20
31,171.73615502819092,0.21450660433987823,0.5175955914850332,0.21652216114269296,0.5092425216605254,default,24746,20
32,172.39138840733878,0.21421110979382454,0.5200253403043504,0.22453974874384366,0.5114387265564181,default,24746,20
33,172.12502955567095,0.2099000526989511,0.5209301959971756,0.22524700899395464,0.5120703206708689,default,24746,20
34,168.55455483865157,0.19790684288777521,0.5252384803156238,0.2107880088817478,0.5162505142967299,default,24746,20
35,167.9946801032654,0.20553747124256988,0.5226964382497677,0.21529543094548104,0.5133804760128909,default,24746,20
36,165.9664128267743,0.20249026331254008,0.5126598994165541,0.20018778773736004,0.5029897069562465,default,24746,20
37,164.6714089327311,0.19078450373109399,0.520618655136078,0.19321845373301183,0.5109022729897902,default,24746,20
38,160.43610564201174,0.19486884961546486,0.5067490840244143,0.17835960716449556,0.4965445739049666,default,24746,20
39,160.25433423147487,0.19335288012428617,0.5046009587989556,0.17600182511640985,0.49408976728138765,default,24746,20
40,157.48607091746507,0.1931969213140771,0.507727784851894,0.17321132056160685,0.49707385373272456,default,24746,20
2,911.7580349753027,0.0437458080028476,0.45965951474309014,0.31799795494555677,0.4590186522910191,default,24746,100
3,886.6842409149219,0.02786489584521125,0.5708226826254339,0.440869423156299,0.5699309859782771,default,24746,100
4,861.6733437473725,0.04113628750343468,0.6462157100395708,0.512186419480946,0.6452186394562871,default,24746,100
5,843.9476389623051,0.03311391281283581,0.5215971484972224,0.4268165851860691,0.5199371388595541,default,24746,100
6,825.9282347303895,0.041217100065858665,0.658422683618859,0.5700228525284861,0.6570260747999168,default,24746,100
7,829.8748762312704,0.027245130667443357,0.4570065365117268,0.2908465906190793,0.45436912871405993,default,24746,100
8,795.7680732470031,0.05701150294042576,0.6321735894942764,0.4808585207807635,0.630207219112126,default,24746,100
9,784.209511826456,0.057064440586532955,0.6856985262386682,0.5661723884552563,0.6838360052635872,default,24746,100
10,779.0487842750904,0.05307060255552508,0.6038312222378037,0.4713864831277704,0.601250928290228,default,24746,100
11,766.3817787605681,0.05400383948712134,0.5959794263278562,0.4084583131375626,0.5931168215864017,default,24746,100
12,759.8374668294762,0.053337955023381727,0.616894266063184,0.4349088636341549,0.6139501730177562,default,24746,100
13,757.4249652920182,0.05789836636850004,0.6124304428836239,0.43020720639585186,0.6091509150280185,default,24746,100
14,747.3210611332115,0.06429333355342877,0.6077293667903927,0.4145375474421673,0.6042459783852488,default,24746,100
15,733.063324298403,0.06620912332147409,0.58627742308101,0.34565046824004714,0.5824099492808755,default,24746,100
16,726.0947807905239,0.06779190958350421,0.581370036353351,0.3428298035432736,0.5772205156794351,default,24746,100
17,722.2004002563799,0.06601459694622928,0.5486913248209044,0.3053692459120962,0.5439191500174718,default,24746,100
18,715.2018495057889,0.07026488535112996,0.5463449321967677,0.30320435378503796,0.5412285995706514,default,24746,100
19,703.6442567810813,0.07493915902381494,0.5592320063314756,0.29547187241467693,0.5540439264962018,default,24746,100
20,696.9098756703816,0.07605495804219654,0.5594073015238961,0.2881448665636256,0.5539972626099362,default,24746,100
21,691.5896588900048,0.0713947383788923,0.54278341261308,0.2946620872698143,0.5370778421763367,default,24746,100
22,687.464996970481,0.06896356365435803,0.5548060553853709,0.30172097781225543,0.5490253421564274,default,24746,100
23,681.8010589400445,0.07161848022288851,0.5502664564686375,0.2972983150986826,0.5441754480262402,default,24746,100
24,678.4675309573646,0.07081828020583283,0.5540355552298305,0.2996894415407148,0.5477601592036777,default,24746,100
25,672.9241888108961,0.07278729293598825,0.5400863793324424,0.291804098385489,0.5333858319364957,default,24746,100
26,666.7110817757954,0.0764136498917128,0.5397155511129452,0.290942308302021,0.5327308553655806,default,24746,100
27,656.5206841062119,0.08285262427711827,0.534884812735005,0.27042860221763615,0.5276059055003803,default,24746,100
28,647.4457004603463,0.09518762880542532,0.5443167644722882,0.27140764324196154,0.5369011946832477,default,24746,100
29,647.9375865508065,0.08569150452368814,0.5306717428737332,0.2531998613534282,0.5228601730720309,default,24746,100
30,641.8226756845983,0.09406562235465715,0.5269342858479811,0.24088951767457167,0.518813539033642,default,24746,100
31,631.7227923701885,0.09841068087101956,0.5278083114154122,0.23807072711323674,0.5194693393025267,default,24746,100
32,626.7455054038356,0.09898157997346235,0.5169399151999797,0.22301034577731027,0.5082055901882642,default,24746,100
33,618.13491290828,0.10183596681980088,0.5128369834005292,0.20350694454094592,0.5038533386173328,default,24746,100
34,619.6571891856805,0.09443368214844809,0.5045876460200179,0.19555833884337614,0.4952328917150348,default,24746,100
35,612.9423051637887,0.10297252069483154,0.5157396739228219,0.2046282618432434,0.5063373881128391,default,24746,100
36,605.9219641938639,0.10526739186388952,0.501159614461994,0.1811694343883693,0.49126597209044676,default,24746,100
37,601.4910050336546,0.10759133434159072,0.4967683371614128,0.1767058198838206,0.4864694480829317,default,24746,100
38,599.8222961864323,0.10775529750076213,0.5074365535603754,0.19327243709916408,0.49707352671013805,default,24746,100
39,593.7002560871804,0.11055304486730894,0.50573114242405,0.1833986056440347,0.49511677790849135,default,24746,100
40,589.4457088725927,0.10738412284193248,0.4955277672511594,0.17763507369370637,0.4845128950054067,default,24746,100
2,250.72219662662488,0.19846893188395712,0.266747786848024,0.11704821392007213,0.26578392760468916,min_df5,7382,5
3,174.799836503433,0.31400265741815503,0.5633392714562402,0.45268857154410286,0.5624419113226188,min_df5,7382,5
4,134.85033059799906,0.3554483270477681,0.6243703210491054,0.5805109599972602,0.6233335271255264,min_df5,7382,5
5,84.67661871547834,0.4414448568570621,0.7283981956232223,0.757058425928555,0.7274782691745171,min_df5,7382,5
6,70.39097012793367,0.3944256815760858,0.6856229591327705,0.6477397794268928,0.684356441596426,min_df5,7382,5
7,62.94107340762712,0.373363885524171,0.6743733676918391,0.6242452558229555,0.6728602158068377,min_df5,7382,5
8,55.93203418538224,0.35947841609442377,0.6658106825852658,0.5602578271677495,0.6640676892959865,min_df5,7382,5
9,51.23200930238852,0.34465947541115644,0.6354873103098453,0.5045076168760546,0.6333821371445555,min_df5,7382,5
10,47.79517180705152,0.3240961313859196,0.629745041802163,0.4682791525242596,0.6274010039980072,min_df5,7382,5
11,43.64028131941043,0.3156424913890984,0.6409848625468638,0.4675278834966115,0.6385167987686255,min_df5,7382,5
12,42.07360575109176,0.3065352311077971,0.6304099768832236,0.4542351869780883,0.6276644575948624,min_df5,7382,5
13,40.03585386176972,0.3025352100347387,0.6134383601680654,0.42397706150290876,0.6103570965774737,min_df5,7382,5
14,38.06697257225138,0.29227478126768897,0.6051058469836231,0.39885388616821976,0.6017622437810216,min_df5,7382,5
15,36.975453480649634,0.28385621908436653,0.5973553294510585,0.37978531672897103,0.593734938428944,min_df5,7382,5
16,34.993126292527066,0.27344794993691784,0.5862346725131754,0.3387769538565037,0.5823209767247163,min_df5,7382,5
17,33.77325493164328,0.2688597792335066,0.5784369664610126,0.3282292081593294,0.5742181405233311,min_df5,7382,5
18,32.33805872178867,0.2661183932912755,0.5727677339269726,0.30834844075672685,0.5682803817665553,min_df5,7382,5
19,31.66036175111019,0.26052966383749043,0.5701010095851397,0.29953753498216446,0.5653635942995066,min_df5,7382,5
20,31.079863022672065,0.25278653210012914,0.5666758973716993,0.29004042106002553,0.5616813700536895,min_df5,7382,5
21,29.585570006120996,0.2650955606639936,0.5635091203398441,0.28011912319847854,0.5582632871380302,min_df5,7382,5
22,28.620502020428063,0.26148924131135687,0.5588208734671484,0.27616378157053545,0.5532963279495096,min_df5,7382,5
23,27.849043132445644,0.2615664518184263,0.5521828734308253,0.26710383748203875,0.5463431340849668,min_df5,7382,5
24,27.178946633314414,0.25847084007690424,0.5548400846598337,0.2630949684247663,0.5488107101219614,min_df5,7382,5
25,26.7321510499633,0.2544003687237069,0.5528757379311005,0.2566511530211609,0.5465901003022045,min_df5,7382,5
26,25.807549746152816,0.25482308958089905,0.5506363273840141,0.24535057109928063,0.5441174899829806,min_df5,7382,5
27,25.494674158721722,0.2523449627905857,0.5479910427354597,0.24105434512442753,0.5411776400086462,min_df5,7382,5
28,24.969447818965786,0.2475405925769228,0.5402871189980459,0.2316900090547495,0.5331498715509108,min_df5,7382,5
29,24.493438543132108,0.24339121114590553,0.5350527589813392,0.22198727183554426,0.5276206135269622,min_df5,7382,5
30,24.085179689478615,0.24203154000215027,0.5327566326195006,0.21671547902287816,0.525056118332994,min_df5,7382,5
31,23.62633196753516,0.24207996908848428,0.5275509571754695,0.21007193377991165,0.5195398387592483,min_df5,7382,5
32,23.12989991148507,0.237168857835747,0.5271170473769464,0.20019762121542833,0.5188954022816048,min_df5,7382,5
33,22.84449865012154,0.2317902678197204,0.5293634383003838,0.19815383050429664,0.5209309991243393,min_df5,7382,5
34,22.42428563833468,0.23097882938030215,0.5203410977637049,0.18915792831261521,0.5115408342301554,min_df5,7382,5
35,21.918984765859086,0.2306563398126149,0.5167482664124774,0.17899600291358486,0.5076759305792752,min_df5,7382,5
36,21.391448918635984,0.23273269758841406,0.5185211655758579,0.17757647641292976,0.509255751143677,min_df5,7382,5
37,21.07315938401396,0.23041064267396924,0.516306313171686,0.17215432526241417,0.5067637804872136,min_df5,7382,5
38,20.896830201104393,0.23132929546470188,0.514482428428744,0.16972891187640643,0.5046448861744843,min_df5,7382,5
39,20.510594206374098,0.23114793502331965,0.5148887129778817,0.16862553058162513,0.5048212067297783,min_df5,7382,5
40,20.096237752566545,0.23210765750567766,0.5160448108009575,0.16722067819331232,0.5057573281312322,min_df5,7382,5
2,395.0146928225753,0.09977198584904504,0.30276559946661813,0.13551794241915402,0.3018534712034496,min_df5,7382,10
3,328.8738453392041,0.17263856226774169,0.5905987932003589,0.4809877695034135,0.5897599727636711,min_df5,7382,10
4,284.3993952622936,0.21809337749497792,0.6943573205557786,0.6049146646568984,0.6935024802562557,min_df5,7382,10
5,244.08246566847856,0.25811813513447723,0.786062485169777,0.8231812904436319,0.7853396759645187,min_df5,7382,10
6,225.77845822279667,0.24449954114497843,0.6732009405227333,0.6216774620009368,0.6718591979955912,min_df5,7382,10
7,195.1555628487041,0.2816115925738281,0.631769154554966,0.5583855328826157,0.630023074098318,min_df5,7382,10
8,193.3154274131353,0.23565692032323624,0.662323032681057,0.590748422934645,0.6605479229941166,min_df5,7382,10
9,164.2940619825131,0.2685145646061944,0.6300650237013635,0.5096779830737705,0.6279198497226799,min_df5,7382,10
10,159.02417792381803,0.25517923772153894,0.6282269426052721,0.49850036907810763,0.6258565900316592,min_df5,7382,10
11,142.8121245613432,0.2745682549885075,0.6206430308836848,0.4644922212560713,0.6180129875780307,min_df5,7382,10
12,137.49998675429362,0.26502918463102665,0.6041855209003208,0.4454508777768347,0.6012217381827005,min_df5,7382,10
13,124.81698231478627,0.27248403668909577,0.576331699335606,0.3751694279556248,0.5729425445999276,min_df5,7382,10
14,120.05598745978631,0.26860951281406126,0.5582493599670403,0.35100168244700736,0.5544825487507928,min_df5,7382,10
15,115.33147627232334,0.2566367421378517,0.5524908073226524,0.324136127578785,0.5484645153544342,min_df5,7382,10
16,112.97333637891481,0.2537686739011178,0.5566211590012738,0.33258267228158317,0.5523943178316,min_df5,7382,10
17,110.34179558590121,0.2488768259895791,0.5606152850228083,0.3209750207559588,0.5561994841500402,min_df5,7382,10
18,105.16413772155876,0.24272205232520105,0.548103466249674,0.2972105886473677,0.5433429877817817,min_df5,7382,10
19,102.40383602369734,0.25010552762098287,0.5518931538293582,0.3006219112051601,0.5469116590024731,min_df5,7382,10
20,99.12210633671961,0.24630743279286213,0.5551486902569788,0.2918291021141274,0.5500136084403893,min_df5,7382,10
21,98.42121869461319,0.23520216202412123,0.5435699576585888,0.2768758101493458,0.5380735252087344,min_df5,7382,10
22,94.81443593734015,0.2402016303034755,0.5389778006962306,0.2711673257244046,0.5331921800876172,min_df5,7382,10
23,93.82949653152366,0.2318482169781556,0.5383444024554177,0.2626536411941311,0.5323041275206855,min_df5,7382,10
24,92.31258461950748,0.23219144231984576,0.5319670386020601,0.25898141682337583,0.5255925006328502,min_df5,7382,10
25,91.27362634169597,0.2261356162887043,0.5291931277111928,0.2472689882223726,0.5225653782114543,min_df5,7382,10
26,89.23041422818541,0.21655011826202902,0.528769924848865,0.23274597995018792,0.521929435992409,min_df5,7382,10
27,87.58324205901052,0.21273984965571482,0.5222747023757336,0.2200963544893288,0.5151187078482354,min_df5,7382,10
28,85.73215538873652,0.20639784373719067,0.5182063005799494,0.2060444503590624,0.5107717213959163,min_df5,7382,10
29,83.99205091920426,0.20790801115239899,0.5135814206217758,0.19982734255408297,0.5058405052338115,min_df5,7382,10
30,81.98556124778585,0.21119388783002974,0.5219694711678025,0.20358087347459022,0.5140828994047197,min_df5,7382,10
31,80.8339909420314,0.21105361352871319,0.5260902409664708,0.20394848839788857,0.5180256792947803,min_df5,7382,10
32,79.53952062687932,0.20920463310903278,0.5264658713351764,0.19863788798129292,0.51819188982604,min_df5,7382,10
33,78.0583175101878,0.21093056495992396,0.5240829573904953,0.19415979442077827,0.5155409274689952,min_df5,7382,10
34,76.19065973001346,0.2140037512756806,0.524174770656588,0.18845721384880953,0.5154070487324566,min_df5,7382,10
35,75.32857274873284,0.21068815624887313,0.5196424235925532,0.18158288964719382,0.5105837220093612,min_df5,7382,10
36,74.81543430115242,0.20819759762122084,0.5185499298241286,0.17891778475279052,0.5092260495650472,min_df5,7382,10
37,74.04732439277359,0.2081772292792205,0.5175399377725104,0.1781034624595388,0.5079576245609579,min_df5,7382,10
38,72.72641722828644,0.2099961240479258,0.5118823414612212,0.1727260397042699,0.5019483739176648,min_df5,7382,10
39,71.75481154792959,0.20723653042793666,0.511472348901817,0.16771337772005449,0.5013125106755859,min_df5,7382,10
40,71.13751950804955,0.20922445225058905,0.5083241057022824,0.16518054177572938,0.4978401822835298,min_df5,7382,10
2,541.3460052597917,0.049792853228316745,0.34750511501760134,0.16837473341248035,0.3466664885717471,min_df5,7382,20
3,484.4810899051801,0.10277603794508769,0.6071445963363992,0.4943467256574223,0.6063404067840188,min_df5,7382,20
4,457.8972625580625,0.11642739749146923,0.5852819036972844,0.4899365813844689,0.5841004942608569,min_df5,7382,20
5,409.286578893714,0.16127343382494136,0.8139975389965447,0.8499327402175815,0.8133694320538977,min_df5,7382,20
6,385.808174174231,0.17560607167438214,0.7130983317630499,0.6938959252255706,0.7119378669722505,min_df5,7382,20
7,364.5993643881571,0.16927881732617409,0.694980474138668,0.6470163254418397,0.6935586917512547,min_df5,7382,20
8,342.00443056279175,0.1973405812325719,0.7214847121586464,0.6717210697344902,0.7200066224945221,min_df5,7382,20
9,326.97682137702355,0.197137823568444,0.7072144479403817,0.6141369987730264,0.7055021581486652,min_df5,7382,20
10,307.4592801713884,0.1912868681691114,0.667593369718063,0.49224575101321777,0.6654718433993896,min_df5,7382,20
11,291.9312262054108,0.204732949391235,0.6333343251308233,0.4161278940025203,0.6308018402028174,min_df5,7382,20
12,283.2831482474363,0.20229425639910367,0.6107205718181307,0.3881995394388033,0.6078404973579603,min_df5,7382,20
13,271.89928811717886,0.21003193388313082,0.5965946398832541,0.3713197740876553,0.5933718043575825,min_df5,7382,20
14,258.853348733771,0.21537979185470021,0.5941465192211006,0.3599183462462333,0.5906902341371073,min_df5,7382,20
15,251.11941352321477,0.21553632357816846,0.5798747022794134,0.3579616064411439,0.5760899192731055,min_df5,7382,20
16,246.7036747485384,0.2048375316102243,0.5676476968385678,0.3213589547574649,0.5635366366130923,min_df5,7382,20
17,237.219679154947,0.21261626650075705,0.5691629558390326,0.3191593291747308,0.5647824546340182,min_df5,7382,20
18,232.35828623703554,0.21272348283622355,0.561192398745342,0.31271134477096707,0.5564774799132838,min_df5,7382,20
19,228.33769696045792,0.2097504363147241,0.5562324428566909,0.3010646692247256,0.5512290894786727,min_df5,7382,20
20,218.1804171000722,0.22034114547721245,0.5500382697615545,0.2870099547006641,0.544717685101437,min_df5,7382,20
21,205.38524192271373,0.22957492924275638,0.5640856624923309,0.2908611975104668,0.5587894976947919,min_df5,7382,20
22,200.73146403540528,0.225500707192115,0.5524323053161088,0.26531495742564876,0.5467927008829622,min_df5,7382,20
23,196.72447491525642,0.22426211961872078,0.547348125951115,0.2559972617525889,0.541401000999316,min_df5,7382,20
24,194.53199011993567,0.21980804671256846,0.5434864102151229,0.2450807111662105,0.5372834219762589,min_df5,7382,20
25,192.54218845033986,0.21025084672577088,0.5407669174742774,0.23756086105682192,0.5343108778601727,min_df5,7382,20
26,189.31792861093717,0.21276666904719008,0.5315929886201564,0.22711904482974055,0.5247406824087621,min_df5,7382,20
27,186.9203888889018,0.2044519333730617,0.5310596077916527,0.2161516391416186,0.5239743356574297,min_df5,7382,20
28,185.8428433009896,0.20461516461292367,0.5300213240588744,0.2212305748636437,0.522584271055494,min_df5,7382,20
29,182.69786958146614,0.20123799645793944,0.5400445436889936,0.22059018593479576,0.5325956124995819,min_df5,7382,20
30,174.69791068492486,0.20420496966364277,0.5309466678224719,0.2132618202945909,0.5231120153530788,min_df5,7382,20
31,170.48145304048404,0.20862799330686002,0.5329743015283931,0.21392914481194403,0.5249302371045582,min_df5,7382,20
32,169.21049884707435,0.19983071982896647,0.5288008686763285,0.20344788892186338,0.5204756314603807,min_df5,7382,20
33,166.3786428870617,0.20171290043206327,0.523780077622638,0.19850590132015167,0.5151125840688017,min_df5,7382,20
34,164.62525242151906,0.19834310071631128,0.524925606435026,0.1922242061181643,0.5160568960833415,min_df5,7382,20
35,162.4672912352342,0.1973622458296808,0.5173595574190094,0.18339341448978896,0.5081242780190635,min_df5,7382,20
36,159.1961219597226,0.2007990037448713,0.5158623636421461,0.17915053077179802,0.5063795905455236,min_df5,7382,20
37,155.8836471436569,0.20684985011416848,0.5151554634964411,0.1787186712396794,0.505359369426531,min_df5,7382,20
38,154.45315666382683,0.20202310461481454,0.5143020618644994,0.17500030464162725,0.5042749581648447,min_df5,7382,20
39,153.40973739978634,0.19748002725754832,0.5123959283019534,0.16849435434131124,0.5020941265334413,min_df5,7382,20
40,151.35974918364778,0.19793311333558972,0.5115321426671141,0.16637663801200203,0.5009480108296052,min_df5,7382,20
2,889.5894348049585,0.04594594525908465,0.4709285191350033,0.321738892852058,0.47030076692688866,min_df5,7382,100
3,870.0982650068161,0.024113132691233306,0.5575716993284962,0.40107639577376,0.5566371759741625,min_df5,7382,100
4,843.1746535027544,0.03929627024167241,0.6885640297498647,0.6386193398558311,0.6877017264645217,min_df5,7382,100
5,819.0228781745573,0.05285213782995639,0.6757870572213527,0.6444896636243932,0.6746691354049561,min_df5,7382,100
6,806.8122763263357,0.05262318614290142,0.6765109140808977,0.6352764923393653,0.6751871608335207,min_df5,7382,100
7,788.8966373725339,0.059717654417628184,0.6625747996040624,0.5692876593899548,0.661002337557884,min_df5,7382,100
8,773.8540029332204,0.05932388472860416,0.640135732946887,0.499820148684798,0.638205908287931,min_df5,7382,100
9,760.9368825512104,0.061421057257321166,0.6841945000895999,0.5730213246754968,0.6823422995898686,min_df5,7382,100
10,750.9698531504949,0.06562525039278964,0.6757519923309427,0.5292091894931802,0.6736743803719615,min_df5,7382,100
11,742.9494500243818,0.06623845758585667,0.6417833651579526,0.4485337527449999,0.6393184887453094,min_df5,7382,100
12,737.3235927051812,0.06694237830032615,0.6368951105586573,0.4410906332387351,0.6341410096121082,min_df5,7382,100
13,732.361199579233,0.06601758204767372,0.6315923355246378,0.4318682868878982,0.6285840211201044,min_df5,7382,100
14,720.2714039425597,0.06952914081367409,0.6133396901980138,0.4044494499885348,0.6099827803947458,min_df5,7382,100
15,712.1868173843952,0.07024839088369843,0.6081397137577913,0.3963534310359681,0.6045155846096892,min_df5,7382,100
16,704.5521534892318,0.07469677617732326,0.608413084048891,0.38488521685098864,0.6045509737084305,min_df5,7382,100
17,695.3398657948395,0.07932931035099731,0.608223960398656,0.3842178943242878,0.6041308453251262,min_df5,7382,100
18,687.6648614217456,0.08094079765056625,0.614410734514088,0.3776211024312232,0.6101883887758461,min_df5,7382,100
19,684.9171929887656,0.08099096831077543,0.608830065263023,0.37441081211410415,0.6043176469701245,min_df5,7382,100
20,680.589440583192,0.08280185255565285,0.6068015317356252,0.3653549342495235,0.6020333636573677,min_df5,7382,100
21,671.8186600317031,0.08443572925672958,0.5721328374452969,0.3014062916662809,0.5666799504334219,min_df5,7382,100
22,668.229903979526,0.08278844014602099,0.5616653319861902,0.290148396272606,0.5558416021407624,min_df5,7382,100
23,664.0296593022846,0.08356258804062429,0.5550506245482756,0.2766374071701251,0.5488945175513583,min_df5,7382,100
24,660.3981549183748,0.08239153667308632,0.5464766022243189,0.2697156458327067,0.5399611019790349,min_df5,7382,100
25,657.5306164175573,0.0801605570629574,0.5474229089518695,0.26621015946726817,0.5406612380926118,min_df5,7382,100
26,644.4137891144721,0.08481644779467865,0.516945546087128,0.22481691356877742,0.5095237013819619,min_df5,7382,100
27,639.8745978594379,0.08939844314828221,0.537566536361455,0.24208046971040795,0.5301510682799804,min_df5,7382,100
28,631.8716023352802,0.0890039804481079,0.5115831172255475,0.20477483856853487,0.5035962012845033,min_df5,7382,100
29,628.2456624264597,0.08993805688422767,0.5079557813633172,0.2019738179917752,0.49963462360505456,min_df5,7382,100
30,619.3341975554117,0.09233535682987333,0.53753932380973,0.24357157802459098,0.5295698375778065,min_df5,7382,100
31,614.4239684453414,0.09416750835159397,0.53995243484453,0.2370975341681112,0.5318155698810212,min_df5,7382,100
32,615.5970295420493,0.09258554029229867,0.5177329340578579,0.21128397919533903,0.5089284293727323,min_df5,7382,100
33,610.896298611684,0.09433783826059677,0.5162987351360828,0.20327642743819357,0.5072458994638461,min_df5,7382,100
34,605.8492225435505,0.09669111099058265,0.5157665156468433,0.20073250392029807,0.5064239646002262,min_df5,7382,100
35,600.7335581745957,0.09815361003731746,0.5083107684871142,0.1932981828434683,0.49857388902799904,min_df5,7382,100
36,590.1750009050776,0.10303533331020348,0.5285631731245247,0.20606440174915244,0.5190555051203936,min_df5,7382,100
37,584.5780402231891,0.10515130952744409,0.523174202851121,0.18924809407499069,0.5134071513885239,min_df5,7382,100
38,578.2400093795923,0.10637137912081909,0.5174585632039845,0.18313024806504397,0.5073262302974499,min_df5,7382,100
39,574.67768807541,0.10759657297877064,0.51326377649802,0.17672239016907343,0.5027845165931495,min_df5,7382,100
40,571.8622716760095,0.10711820277015474,0.5123076863830088,0.17716992451801855,0.5015538995658194,min_df5,7382,100
2,330.896591806678,0.30177232326311393,0.47611998413482953,0.3298554541967821,0.47549975854272875,min_df5_sublinear,7382,5
3,260.47865014611943,0.33248127855232,0.639039726726066,0.4525775842711435,0.6382808951426707,min_df5_sublinear,7382,5
4,173.4229797684236,0.42893923092753233,0.7608367432557818,0.6831514675381157,0.7601728784540847,min_df5_sublinear,7382,5
5,98.56194926745675,0.5251349497012349,0.8365608874477609,0.8719040742240297,0.8360088571521768,min_df5_sublinear,7382,5
6,85.33460250750532,0.4746579398756697,0.7961529263779321,0.8182586265344859,0.7953288280263646,min_df5_sublinear,7382,5
7,81.95068923732273,0.422567588697986,0.7709262707020796,0.7756516299589037,0.7698514329388711,min_df5_sublinear,7382,5
8,70.45834054891728,0.41366370476173514,0.7577857333286819,0.7199102640601518,0.7565049813457988,min_df5_sublinear,7382,5
9,64.34155008860394,0.3752004692902143,0.7325231912794201,0.6364999629705402,0.7309627856563379,min_df5_sublinear,7382,5
10,58.42837372849774,0.35289742507261784,0.7109606939564744,0.5888527014077529,0.7091163289274097,min_df5_sublinear,7382,5
11,54.60719185978495,0.34647500033383344,0.6942938392436092,0.5310460844900092,0.6921836201792935,min_df5_sublinear,7382,5
12,51.172099752806304,0.3323994972992341,0.6838977307828796,0.5078195794787433,0.6815409638570724,min_df5_sublinear,7382,5
13,48.626213891309945,0.3242639510328244,0.6725709864358295,0.47906713512966426,0.6699534818760119,min_df5_sublinear,7382,5
14,46.29745764460839,0.3021997268203162,0.656713321720271,0.441257393536249,0.6537996550494493,min_df5_sublinear,7382,5
15,44.88886828197596,0.30207818373951434,0.651842158365337,0.4311459102441668,0.6486917964337872,min_df5_sublinear,7382,5
16,43.33013630251973,0.28523055610757475,0.6481438637264166,0.4056776279805514,0.644782636986267,min_df5_sublinear,7382,5
17,42.028706405427585,0.28272522574617726,0.6462519610517685,0.3938314601745246,0.6426803626674157,min_df5_sublinear,7382,5
18,40.83968664814283,0.26961037201564714,0.6349278674030667,0.37094523229314524,0.6310709278830382,min_df5_sublinear,7382,5
19,39.62068906472042,0.26559051827420693,0.6280923759113991,0.3569499132901779,0.6239672957154351,min_df5_sublinear,7382,5
20,37.870655062244374,0.26955659241664737,0.6246200686670526,0.3386168659501731,0.6202744456979619,min_df5_sublinear,7382,5
21,37.3592771258941,0.27234016526987237,0.6249553817991871,0.345040510759111,0.6203866994216226,min_df5_sublinear,7382,5
22,36.12318032570318,0.26594200560796183,0.6193810274151875,0.32714731235749495,0.6145649114885267,min_df5_sublinear,7382,5
23,34.95101354491982,0.2645475602073536,0.6152367739246446,0.31104598987938986,0.6101908008972802,min_df5_sublinear,7382,5
24,34.33659379905219,0.26316123285575554,0.6094762623413829,0.30494485241622576,0.604148893500163,min_df5_sublinear,7382,5
25,33.3443236702679,0.2670802206938807,0.6073479244488319,0.298434725755303,0.6017921908500075,min_df5_sublinear,7382,5
26,32.44492506576452,0.2617979451276771,0.6008027032337349,0.28030312665858237,0.5949733716413754,min_df5_sublinear,7382,5
27,31.79084408862711,0.26414713010096086,0.5960511150855015,0.27646050662884714,0.5899259801797728,min_df5_sublinear,7382,5
28,31.25128566635919,0.2585931098226969,0.5942990572841517,0.26359151689149396,0.5879684173431192,min_df5_sublinear,7382,5
29,30.75400858029551,0.2549635115779105,0.5901170024924027,0.2540121318520098,0.5835232061392369,min_df5_sublinear,7382,5
30,30.139763612886522,0.2534888357055344,0.5887562554365169,0.25042912316726157,0.5819370755368414,min_df5_sublinear,7382,5
31,29.70085217786128,0.2509396653134446,0.5840377841967314,0.2436291069398333,0.5769246058562184,min_df5_sublinear,7382,5
32,29.480054686578473,0.24730258534209784,0.5811946601560295,0.23838665949575522,0.5738134400111021,min_df5_sublinear,7382,5
33,29.138154501595725,0.24295893510051303,0.5741763828251174,0.22869742717131225,0.5664926747486945,min_df5_sublinear,7382,5
34,28.636529420731982,0.23570163831086605,0.5709623820082518,0.2206155420161071,0.5630401863414953,min_df5_sublinear,7382,5
35,28.38812179947109,0.23262096074768193,0.5651272432029621,0.21487862018650797,0.5568813364463792,min_df5_sublinear,7382,5
36,28.037745727320367,0.23312660607108288,0.5610651789141801,0.20958777857539007,0.5525321142117101,min_df5_sublinear,7382,5
37,27.64227011886107,0.23095588244574683,0.558969190136802,0.2045042172803696,0.5501827113887628,min_df5_sublinear,7382,5
38,27.180048290428566,0.22980002863141605,0.5568172993449931,0.20052191943221082,0.5477714578505583,min_df5_sublinear,7382,5
39,26.55064039550258,0.22652268904646428,0.5525138229943637,0.18837498736748506,0.5432121116930524,min_df5_sublinear,7382,5
40,26.163584112715245,0.22931119705788294,0.5475623009071153,0.1872291862744903,0.5379139122613069,min_df5_sublinear,7382,5
2,515.1871566048394,0.19044406161249391,0.4758789155726182,0.33035979974827206,0.47525855515038906,min_df5_sublinear,7382,10
3,456.75367845103233,0.18186382576692053,0.5971796717700043,0.44640357154613425,0.5963372946176838,min_df5_sublinear,7382,10
4,377.54530497430187,0.25034622366456494,0.7418583544685773,0.6819791075720221,0.741143777344187,min_df5_sublinear,7382,10
5,348.6354302799359,0.24843744363313316,0.6917287419840239,0.6054635090998693,0.690648576391645,min_df5_sublinear,7382,10
6,330.91522660955843,0.2203953463203102,0.63423126073345,0.5267660284018728,0.6327047068211852,min_df5_sublinear,7382,10
7,262.2609281960642,0.28493311550557365,0.735042201329059,0.7068960787324932,0.7338129832459923,min_df5_sublinear,7382,10
8,217.54363388814522,0.34859040710548483,0.7421593993246915,0.6684179295102894,0.7408038450881301,min_df5_sublinear,7382,10
9,202.7305460786209,0.3280393539476838,0.6977622716913492,0.5788259131454413,0.6960095001872989,min_df5_sublinear,7382,10
10,181.73173093389903,0.33787591636848835,0.681797201863069,0.5281535406509493,0.6797768669863066,min_df5_sublinear,7382,10
11,162.5842348472999,0.34022911312302084,0.673476516411337,0.4795161366695072,0.6712357987030864,min_df5_sublinear,7382,10
12,156.46756463699654,0.3281533443228668,0.662130220682855,0.4583411895740414,0.659624939504785,min_df5_sublinear,7382,10
13,150.55080851095323,0.32189560295132635,0.662268748774114,0.4449801939954045,0.6595846659769432,min_df5_sublinear,7382,10
14,138.51908725165674,0.3226419725526154,0.6714481472343625,0.43708061155754196,0.6686548814061511,min_df5_sublinear,7382,10
15,134.18529896743132,0.3165186369690232,0.6525143454885818,0.41706267247753387,0.6493665308099171,min_df5_sublinear,7382,10
16,131.29534055914078,0.312674703473213,0.6445904720827001,0.4062383068979236,0.641179089308603,min_df5_sublinear,7382,10
17,128.6987270278819,0.31278228662282037,0.6395175217032446,0.39765606577952356,0.6358561805807292,min_df5_sublinear,7382,10
18,126.88603470255262,0.30434048535291086,0.6318728316808769,0.3858737770587019,0.6279364066458181,min_df5_sublinear,7382,10
19,124.89460310687772,0.3051486664462794,0.6244964658339536,0.37843429537248713,0.6202684556228364,min_df5_sublinear,7382,10
20,119.27940356840097,0.29606732631882565,0.6181350620188366,0.3534474492290014,0.6136782271426011,min_df5_sublinear,7382,10
21,113.59679259689266,0.267849292827546,0.6147596624017038,0.3178837362176428,0.6101274692855965,min_df5_sublinear,7382,10
22,112.18311790678462,0.25647177346878564,0.6052787178510164,0.30217655647860997,0.6003410703474238,min_df5_sublinear,7382,10
23,107.37491930208448,0.25973410585393153,0.6019128462463642,0.29724726128330836,0.5967030729692484,min_df5_sublinear,7382,10
24,104.83477118552506,0.2548013472949869,0.5958645523543217,0.28285011047319536,0.5903816234790692,min_df5_sublinear,7382,10
25,101.80114321251821,0.255041170144253,0.5923995429143265,0.27240818889294405,0.5866837523509011,min_df5_sublinear,7382,10
26,100.03022606210416,0.254571020875533,0.5903903420445169,0.26898074554646006,0.5844288995004856,min_df5_sublinear,7382,10
27,97.74998624958609,0.25766234566250895,0.5868628089301556,0.2626311658700685,0.5806323495959215,min_df5_sublinear,7382,10
28,96.03025425127919,0.2438317612773224,0.5819157767739902,0.24543483471780675,0.5754370161482181,min_df5_sublinear,7382,10
29,95.3111101802747,0.2418217939463942,0.5783676694991682,0.24190052914305885,0.5716177772231096,min_df5_sublinear,7382,10
30,94.52498991974275,0.24214089913354309,0.5768387161174652,0.24071177609393923,0.5697987791840371,min_df5_sublinear,7382,10
31,93.75303825269737,0.23848159132021474,0.5677376673477967,0.23420070769926862,0.5603211071486116,min_df5_sublinear,7382,10
32,90.6359130762643,0.24370731397789214,0.566896434906839,0.22349152154779495,0.5592944225064069,min_df5_sublinear,7382,10
33,88.98173312864822,0.23538813303969397,0.5669503384355387,0.21659343513874604,0.5591404686372097,min_df5_sublinear,7382,10
34,88.36007896285854,0.2365389598007393,0.5644161906738681,0.21267906636245926,0.5563537130671814,min_df5_sublinear,7382,10
35,87.06363869134668,0.2325425182288971,0.56044557337817,0.20531939232032673,0.5521101900085255,min_df5_sublinear,7382,10
36,86.04556275742762,0.23157486872550465,0.5598786579310431,0.20069623261851424,0.5513251271380485,min_df5_sublinear,7382,10
37,85.24205611761025,0.22898411814625405,0.5571680143960125,0.1964350115389032,0.5483470346728734,min_df5_sublinear,7382,10
38,84.55945001166823,0.22141935494241738,0.5524454862046683,0.18769577274460417,0.5433373256972224,min_df5_sublinear,7382,10
39,82.90184928326637,0.22027466114500344,0.5540879598803087,0.18504892619944796,0.5447941177617437,min_df5_sublinear,7382,10
40,81.71748229469745,0.21449344906222043,0.55139560640236,0.18071985685653377,0.5418322785182308,min_df5_sublinear,7382,10
2,707.8161812921388,0.07030790092999684,0.34833046703069426,0.17610757164316168,0.34750878734567336,min_df5_sublinear,7382,20
3,624.7708130018462,0.12467629388760967,0.6527477726037177,0.5362983475646158,0.6520392641237346,min_df5_sublinear,7382,20
4,568.7268767518706,0.157908402205503,0.7536459207744501,0.6880960760061947,0.7529635298101215,min_df5_sublinear,7382,20
5,509.8368451230094,0.19780021727524827,0.8785592805063298,0.9101875806080991,0.878149372688575,min_df5_sublinear,7382,20
6,489.3016481746744,0.1955530096374409,0.848946129377113,0.8721511391339023,0.8483276258695114,min_df5_sublinear,7382,20
7,461.1419159258219,0.20108095791348898,0.8159793935834356,0.7877787264638559,0.8151140296216911,min_df5_sublinear,7382,20
8,424.55406123886655,0.22177757810717164,0.7754466502069998,0.6877653711962534,0.7742694977767054,min_df5_sublinear,7382,20
9,418.2555617126044,0.20763092093595287,0.6561217924675032,0.5097867620899732,0.6541147872584988,min_df5_sublinear,7382,20
10,385.0442638044471,0.22245839164719078,0.711315292351232,0.5522885407680128,0.70947383329817,min_df5_sublinear,7382,20
11,357.9190831696138,0.2430627605491376,0.6965262518504802,0.525531653586593,0.6944108012363922,min_df5_sublinear,7382,20
12,338.06519531786296,0.25144328199618465,0.6840433711571869,0.4837945367302862,0.6816814050125566,min_df5_sublinear,7382,20
13,326.80594273203826,0.24893449291168604,0.6674319895763938,0.4490791751306621,0.6647714290889069,min_df5_sublinear,7382,20
14,312.67076997951233,0.24850778457611056,0.6501102820911148,0.41242957787421564,0.6471280755662197,min_df5_sublinear,7382,20
15,300.53356790628123,0.2539970326408551,0.644600877561587,0.40081029572550236,0.6413615088026506,min_df5_sublinear,7382,20
16,293.49264797357534,0.24845384526593564,0.6439391462452585,0.3937093804414201,0.6405253393360344,min_df5_sublinear,7382,20
17,290.2136550737096,0.2318902738714656,0.6362756158430428,0.37711306687715745,0.6325988474591487,min_df5_sublinear,7382,20
18,275.85946963827314,0.2361860283588724,0.6236487981362987,0.3500723993545802,0.6196703632977565,min_df5_sublinear,7382,20
19,263.3698346833405,0.24675019469919743,0.6228329353197731,0.3430215230852914,0.6186491751343497,min_df5_sublinear,7382,20
20,252.98600104111296,0.2545147283349278,0.6195410248164502,0.33909396927003077,0.6150887073749036,min_df5_sublinear,7382,20
21,244.49619156916364,0.25506424544562556,0.6063696629834564,0.3071700039908611,0.6016104657273392,min_df5_sublinear,7382,20
22,237.63643591096093,0.25608143232727887,0.5988097281326653,0.2928854009012166,0.5937582040330739,min_df5_sublinear,7382,20
23,235.2028447358506,0.2430895370724482,0.5924027804597344,0.2791167116543918,0.5870686889708044,min_df5_sublinear,7382,20
24,230.32582055216875,0.24065849948841644,0.5874464059822592,0.2694270239504296,0.5818599601420673,min_df5_sublinear,7382,20
25,225.56456430561366,0.24229609362914595,0.5842578324498418,0.266105944115675,0.5784048977905909,min_df5_sublinear,7382,20
26,223.62349644492127,0.23319770166783893,0.5818978871276043,0.2536146652424734,0.5758157127352167,min_df5_sublinear,7382,20
27,221.63628170051197,0.2334038588161633,0.5655494458707749,0.25040909705611925,0.5589399280945874,min_df5_sublinear,7382,20
28,219.24166559884634,0.22908089866354014,0.5663697484177609,0.24694486122070883,0.5595531344139922,min_df5_sublinear,7382,20
29,216.8951762746538,0.2255318912880382,0.5666960528182943,0.23904271454945933,0.5596760463133459,min_df5_sublinear,7382,20
30,214.69453164812577,0.22155340503185525,0.5664555566724467,0.2348173669699011,0.5592444376817233,min_df5_sublinear,7382,20
31,204.42337234577053,0.22957059275230438,0.5648033513055715,0.22971370061840984,0.5573316368229425,min_df5_sublinear,7382,20
32,201.4939575621611,0.22902658129701972,0.5633737300531426,0.22515747834317548,0.55567558284654,min_df5_sublinear,7382,20
33,198.76304134818017,0.22313865264483582,0.5617647821067406,0.22084244689563967,0.5538195591261512,min_df5_sublinear,7382,20
34,194.0536688429876,0.22091665661982005,0.5553405645987107,0.2075079508953384,0.547084371524641,min_df5_sublinear,7382,20
35,191.32700066238414,0.2195576378791126,0.5527194237181018,0.2029514032193614,0.5441841376396069,min_df5_sublinear,7382,20
36,190.2496466398519,0.21221242637214996,0.5507860343674039,0.20045996590478868,0.5419668659869712,min_df5_sublinear,7382,20
37,188.76100397279606,0.20538517188087935,0.5484544274284259,0.19423987100595327,0.5393970427073503,min_df5_sublinear,7382,20
38,186.50745850363708,0.20646053776013096,0.5483074061147123,0.19232834718601613,0.5390350084424598,min_df5_sublinear,7382,20
39,184.9508072602826,0.20359039310976954,0.549018667535844,0.19086939329942018,0.5395505897066853,min_df5_sublinear,7382,20
40,182.97694417744208,0.20356309361546213,0.5487952253365324,0.18849835019989342,0.5390906298516434,min_df5_sublinear,7382,20
2,1058.8690784699272,0.03539444283654285,0.39421608805346786,0.2212018770388098,0.39346205677736706,min_df5_sublinear,7382,100
3,1021.4360858128142,0.04230124492696366,0.556899659058109,0.44631950917535734,0.5560009055515825,min_df5_sublinear,7382,100
4,983.6288712523033,0.05816055816927003,0.8042623024284602,0.7524358698685832,0.8037258221180388,min_df5_sublinear,7382,100
5,951.9331185438226,0.07059816839320494,0.8762335538816938,0.9067786288555987,0.8758157360412299,min_df5_sublinear,7382,100
6,932.1602021595376,0.07536476249744659,0.8439103309574265,0.8287890915930656,0.843280326667573,min_df5_sublinear,7382,100
7,921.0986451153603,0.07097278421541861,0.7093919224602001,0.5931820808046558,0.7080374596050975,min_df5_sublinear,7382,100
8,911.3089797499556,0.07058773593043306,0.7795061974308998,0.7413658206097993,0.7783104425757059,min_df5_sublinear,7382,100
9,896.1639298341911,0.07237985842223829,0.6936306498987952,0.573920274085817,0.6918131297487602,min_df5_sublinear,7382,100
10,880.4365704423304,0.07729658886400363,0.7005981817601545,0.5785844863165417,0.6986393288137979,min_df5_sublinear,7382,100
11,872.0400827618473,0.07473604507796859,0.6943277062150496,0.5566865638647975,0.6921505624062256,min_df5_sublinear,7382,100
12,856.6378610083455,0.07778834988990106,0.6742862382589637,0.503124627687666,0.671797349401712,min_df5_sublinear,7382,100
13,847.0887298069915,0.07765406650934525,0.6662581964851726,0.46230690162563887,0.6635373268310679,min_df5_sublinear,7382,100
14,837.6302073232067,0.07902756592824677,0.6561701084052498,0.4479368415763144,0.6531605358873452,min_df5_sublinear,7382,100
15,829.1429321560565,0.07955823365754731,0.6377088087773372,0.41739022483334404,0.63435795274889,min_df5_sublinear,7382,100
16,822.0882403901816,0.07922746346549239,0.6308403324690771,0.3887930584962275,0.6272467154067125,min_df5_sublinear,7382,100
17,815.3918575756092,0.08125081370290557,0.6274035618514557,0.38266308530069937,0.6235756503443179,min_df5_sublinear,7382,100
18,811.4940304107636,0.07955208088109424,0.6234651475822095,0.37735168834783916,0.6193459334844323,min_df5_sublinear,7382,100
19,794.9650242786992,0.08755673547088547,0.6396380502363339,0.3851125373345669,0.6354976229020741,min_df5_sublinear,7382,100
20,786.389578841184,0.08641951233792554,0.634605963690859,0.3684088184625935,0.6302503897819757,min_df5_sublinear,7382,100
21,780.4510745638817,0.08504466690946617,0.6139493480922142,0.31246039846914153,0.6092789103207705,min_df5_sublinear,7382,100
22,773.2011395752014,0.08939440169272041,0.6101954505025114,0.31556847637451957,0.6052223954609014,min_df5_sublinear,7382,100
23,767.8028221265585,0.09002635810334213,0.6058664636084979,0.30578130379677115,0.6006116481335652,min_df5_sublinear,7382,100
24,758.4729820874717,0.09155656474745656,0.601860143995083,0.29377486364350364,0.5963529299846545,min_df5_sublinear,7382,100
25,754.6877685825808,0.09013399693413439,0.5964854526375936,0.27612145200857086,0.5907334942539851,min_df5_sublinear,7382,100
26,749.0399006050228,0.09131679250013641,0.5957065729452454,0.26906769217384846,0.5897459830275494,min_df5_sublinear,7382,100
27,746.649954945941,0.09167104254261714,0.5806233345291156,0.25807393286224933,0.5742704772754122,min_df5_sublinear,7382,100
28,741.5452195886556,0.0907290985645944,0.577267602447082,0.25278345340145725,0.5706430265027059,min_df5_sublinear,7382,100
29,734.006592190931,0.09200209297869637,0.5783902112910669,0.25008818807926464,0.5715638989156102,min_df5_sublinear,7382,100
30,725.3145530191124,0.09610884922756431,0.5742083931286214,0.24300622512912665,0.5670922928469411,min_df5_sublinear,7382,100
31,720.7352577795549,0.09719934600096708,0.5746361733119355,0.24147366571207118,0.5672759920265523,min_df5_sublinear,7382,100
32,716.2404540725463,0.09852072062459197,0.5707580667193466,0.2329705761712616,0.5631302215490088,min_df5_sublinear,7382,100
33,707.783763794573,0.103181552071518,0.5705430068942746,0.23205108124452148,0.5626604225578429,min_df5_sublinear,7382,100
34,701.1028351519606,0.10606510401886315,0.5660522866080092,0.23063233328272295,0.5578528625348018,min_df5_sublinear,7382,100
35,694.9033574265887,0.10637270676507547,0.5667263065817361,0.2237615969676239,0.5583407816893922,min_df5_sublinear,7382,100
36,689.901288775336,0.1080036726868182,0.5634599631482076,0.22050906574044238,0.5547930194043302,min_df5_sublinear,7382,100
37,685.7996973434338,0.10904994393750078,0.5600833637948367,0.21719471896609557,0.5510990292044055,min_df5_sublinear,7382,100
38,684.7372902040938,0.10823202515786633,0.5486551068532286,0.2075264866540004,0.539231877797786,min_df5_sublinear,7382,100
39,680.4059665985558,0.10715710136714844,0.5455017451507623,0.2006874771453028,0.5358007399014781,min_df5_sublinear,7382,100
40,675.6166894892588,0.10996130857309984,0.5462873524183463,0.19993051384234822,0.5363312572089219,min_df5_sublinear,7382,100
2,446.75163054284496,0.31168389172015826,0.4752922291660452,0.331637784618317,0.4746713964075811,min_df5_maxdf05_sublinear,7346,5
3,366.2552629150548,0.32755593758862,0.5924360612809657,0.4453014843117577,0.5915849454698954,min_df5_maxdf05_sublinear,7346,5
4,236.2385974554222,0.44668707186751694,0.7521499936583752,0.6881010628373769,0.7514636924442907,min_df5_maxdf05_sublinear,7346,5
5,122.88715087168484,0.5488524375143493,0.8473207546740554,0.8839717797223643,0.8468053094450558,min_df5_maxdf05_sublinear,7346,5
6,108.11879860833949,0.49827996340637404,0.8008512508845831,0.8015346773327969,0.800051074799452,min_df5_maxdf05_sublinear,7346,5
7,93.24861953520312,0.46702473802429917,0.7808263132320539,0.755772493607073,0.7798072436855914,min_df5_maxdf05_sublinear,7346,5
8,88.28144947540852,0.45000410037844285,0.7662635226798932,0.740082088027374,0.7650212419802461,min_df5_maxdf05_sublinear,7346,5
9,81.80036192037781,0.3828045817799463,0.7370206851681536,0.6369822464196822,0.7354887234124423,min_df5_maxdf05_sublinear,7346,5
10,74.88774110641735,0.35710758472232657,0.7197916577334339,0.5852131615282402,0.7180087074861738,min_df5_maxdf05_sublinear,7346,5
11,70.53047821758916,0.34498244310015597,0.706183724101438,0.5638926238228354,0.7041439759488518,min_df5_maxdf05_sublinear,7346,5
12,66.27941322213881,0.3523345164764375,0.6927040703906849,0.5278450194820353,0.690404681405913,min_df5_maxdf05_sublinear,7346,5
13,63.43313891886877,0.32758721503997296,0.6796657042736064,0.49621487355216176,0.6771030534493699,min_df5_maxdf05_sublinear,7346,5
14,59.59374020317692,0.3043317556347673,0.6699018061411186,0.45346285986056906,0.6671001701243081,min_df5_maxdf05_sublinear,7346,5
15,57.83205567136051,0.3072124635531525,0.6697251768854088,0.4485890848437896,0.666720459617612,min_df5_maxdf05_sublinear,7346,5
16,56.080862610925315,0.30243336033671886,0.6602130121211575,0.4296140455497463,0.656941153111656,min_df5_maxdf05_sublinear,7346,5
17,54.54186586430958,0.2951746879541405,0.6534374597129364,0.41828513312307264,0.6499225943844694,min_df5_maxdf05_sublinear,7346,5
18,52.44970806522471,0.28551529545023985,0.6391156283263235,0.38936866683295396,0.6352822512047673,min_df5_maxdf05_sublinear,7346,5
19,51.328441930419004,0.26901668939364226,0.637056246466308,0.3647897988410284,0.633015780789678,min_df5_maxdf05_sublinear,7346,5
20,49.86013768910991,0.26182020405653894,0.6300118523297626,0.35552341333916726,0.6256957506394988,min_df5_maxdf05_sublinear,7346,5
21,48.42465562691779,0.2742542976312969,0.6311716190867476,0.36497293815402476,0.6266736780011342,min_df5_maxdf05_sublinear,7346,5
22,47.424540256763486,0.2750946726257658,0.6300589570595712,0.36054812352065374,0.6253359957460369,min_df5_maxdf05_sublinear,7346,5
23,46.77061961992992,0.26844714623529886,0.6226493616504839,0.3427471918862432,0.6176508290872024,min_df5_maxdf05_sublinear,7346,5
24,45.734085991650375,0.25696023715649596,0.6143116853093878,0.32805457406907207,0.6090125863416839,min_df5_maxdf05_sublinear,7346,5
25,43.94165555561856,0.26180437795142,0.6160920860988879,0.3211135370848885,0.610618836331527,min_df5_maxdf05_sublinear,7346,5
26,42.223632346604056,0.26496301333149286,0.6078430515692573,0.29840478642783136,0.6020870232242088,min_df5_maxdf05_sublinear,7346,5
27,41.35116770640183,0.2661395554248396,0.601556164265053,0.29161334312748816,0.5955020509008337,min_df5_maxdf05_sublinear,7346,5
28,40.566350151794666,0.26241856684508785,0.6016546270441294,0.28614197160967425,0.5953795971486542,min_df5_maxdf05_sublinear,7346,5
29,39.93306458724605,0.25979266245698523,0.5969968351408992,0.27936143044611766,0.5904374136743649,min_df5_maxdf05_sublinear,7346,5
30,39.38097312105002,0.25896083436091066,0.5954431448111233,0.27830567574900184,0.588619374095575,min_df5_maxdf05_sublinear,7346,5
31,38.85532927080028,0.25505599173715465,0.5920293608694854,0.27176349972564645,0.5849498599623625,min_df5_maxdf05_sublinear,7346,5
32,37.92997385654287,0.25387790776456587,0.589957465221441,0.2649373361035032,0.5826458739824594,min_df5_maxdf05_sublinear,7346,5
33,36.97207093294172,0.24305606295780352,0.5840046466125646,0.24993812102852314,0.5764193098997777,min_df5_maxdf05_sublinear,7346,5
34,36.77576276781498,0.23177031490987848,0.580165308806644,0.2386487306766633,0.5723156504303517,min_df5_maxdf05_sublinear,7346,5
35,36.22781065195188,0.22316416705667796,0.5748596185027022,0.22570631530873275,0.5667399861276385,min_df5_maxdf05_sublinear,7346,5
36,35.63440232316264,0.22760849629503518,0.5749764309589744,0.22437473168785227,0.5666023007961654,min_df5_maxdf05_sublinear,7346,5
37,35.241960755587534,0.2245366934559669,0.5747906450853753,0.22157729590577804,0.5661962300327503,min_df5_maxdf05_sublinear,7346,5
38,34.3328033184824,0.2273818149806146,0.5695636465498717,0.21765643418803718,0.5606395153857588,min_df5_maxdf05_sublinear,7346,5
39,34.13677003538948,0.22679420445880452,0.5692658829053674,0.21798043701458905,0.5600550971497766,min_df5_maxdf05_sublinear,7346,5
40,33.885242242823004,0.223276130150893,0.5668550671739699,0.21567430479656446,0.55735176236333,min_df5_maxdf05_sublinear,7346,5
2,664.5136637214162,0.19272605520972416,0.4708073985805624,0.3311511954522695,0.47018176310106463,min_df5_maxdf05_sublinear,7346,10
3,568.7568411220894,0.20691743015158726,0.6553936259596096,0.5379265238272772,0.6546906584773852,min_df5_maxdf05_sublinear,7346,10
4,481.2855167936053,0.26238422406076556,0.7534022052478827,0.6882227735330055,0.7527191705099696,min_df5_maxdf05_sublinear,7346,10
5,390.2794795435968,0.32166435539759997,0.8668603315703621,0.9006410631788015,0.8664108612268153,min_df5_maxdf05_sublinear,7346,10
6,362.1366188172156,0.31617197599774405,0.8269321679422565,0.848508458770459,0.8262271374459315,min_df5_maxdf05_sublinear,7346,10
7,324.3872659692526,0.3236714592547446,0.7991172736887981,0.762422983826814,0.7981784987259982,min_df5_maxdf05_sublinear,7346,10
8,285.81961384163264,0.32945923711680997,0.7253966916881933,0.6463371690438473,0.7239650931300162,min_df5_maxdf05_sublinear,7346,10
9,287.73970389573486,0.2901589254815392,0.6543149427904459,0.5395960082833652,0.6523109547212722,min_df5_maxdf05_sublinear,7346,10
10,252.03650561306864,0.3108246794060756,0.6880784936622018,0.5626613300361046,0.6860904592396019,min_df5_maxdf05_sublinear,7346,10
11,219.51222048168424,0.33239436569033515,0.6712494067846455,0.5118000348997975,0.668979108148972,min_df5_maxdf05_sublinear,7346,10
12,211.0132710493662,0.3371479293624193,0.6602470376675432,0.4950973599165584,0.6577082021897417,min_df5_maxdf05_sublinear,7346,10
13,185.92999343765405,0.3431384290777799,0.6540069466134738,0.44799043048791237,0.651260738552616,min_df5_maxdf05_sublinear,7346,10
14,178.21871423008153,0.3395713996063395,0.6486413248872615,0.4295362918697557,0.6456678931828159,min_df5_maxdf05_sublinear,7346,10
15,164.30096079929783,0.3326232057145845,0.6584868813198329,0.4153319301878265,0.6554193364560722,min_df5_maxdf05_sublinear,7346,10
16,161.19275396223438,0.31775946509847103,0.6408684413349678,0.39268095765961536,0.6374463829153347,min_df5_maxdf05_sublinear,7346,10
17,159.53513590826225,0.31042374059414957,0.6428405265650915,0.38859017586651134,0.6392343497973667,min_df5_maxdf05_sublinear,7346,10
18,152.41827148027812,0.314953340967147,0.632658181784138,0.37598315719607733,0.6287413595186633,min_df5_maxdf05_sublinear,7346,10
19,145.4900298975926,0.3049445250112729,0.6265505388864512,0.35295268383522854,0.622396669285945,min_df5_maxdf05_sublinear,7346,10
20,141.7710486490181,0.3006000570818492,0.6148529780027101,0.3360252369839921,0.6103698840305847,min_df5_maxdf05_sublinear,7346,10
21,137.25270029944755,0.27319474039961744,0.6076261084132961,0.31468063817480124,0.6028785250593233,min_df5_maxdf05_sublinear,7346,10
22,133.9001814140309,0.26694331633172397,0.6022404594227985,0.30184791212759593,0.5972331467097861,min_df5_maxdf05_sublinear,7346,10
23,131.50062547596542,0.2675205330096358,0.5991870403684184,0.29441012932877664,0.5939267924366823,min_df5_maxdf05_sublinear,7346,10
24,129.86173066653194,0.25732653533195166,0.5950491599881865,0.2872816568497234,0.5895200741457898,min_df5_maxdf05_sublinear,7346,10
25,127.48220685852189,0.25434243809375556,0.5924943909423198,0.2788997234688633,0.5867302899016263,min_df5_maxdf05_sublinear,7346,10
26,125.40419337664643,0.24722609283400976,0.5872845724598594,0.27147140591632374,0.5812374656567872,min_df5_maxdf05_sublinear,7346,10
27,123.37955401370454,0.24587823736806683,0.5842868722290508,0.26575682917593657,0.5779836601192698,min_df5_maxdf05_sublinear,7346,10
28,121.53664383630499,0.24491638549982486,0.5838044933320945,0.25889319267278266,0.5772871175697096,min_df5_maxdf05_sublinear,7346,10
29,120.11418414329111,0.24070738653124535,0.5870787195704641,0.25683818765262556,0.580391068798408,min_df5_maxdf05_sublinear,7346,10
30,118.822254665783,0.23870671374453797,0.5813118598695967,0.2524561923356378,0.5743013570437184,min_df5_maxdf05_sublinear,7346,10
31,116.64028781981624,0.23687443254853852,0.5753136492283732,0.23832355943038203,0.5680277025798139,min_df5_maxdf05_sublinear,7346,10
32,115.9747413464265,0.2321491191933017,0.5722020796031076,0.23331935349457672,0.5646465993537991,min_df5_maxdf05_sublinear,7346,10
33,113.04322147319898,0.23338614429293245,0.5633123257052156,0.22057100638670643,0.5554205648603648,min_df5_maxdf05_sublinear,7346,10
34,112.32167568012306,0.2318428389445665,0.5642373810495558,0.2193667207576914,0.5560641080970481,min_df5_maxdf05_sublinear,7346,10
35,110.98774701338105,0.23051273264530175,0.5623962582174564,0.21573898677953776,0.5539698391006976,min_df5_maxdf05_sublinear,7346,10
36,110.25501835556945,0.22940849626401483,0.5609864995508757,0.21207135603938687,0.5523061039469548,min_df5_maxdf05_sublinear,7346,10
37,109.40157104299604,0.22585628655365844,0.5589098370836441,0.20945312303435049,0.5499519822917295,min_df5_maxdf05_sublinear,7346,10
38,107.88106493994837,0.22795387176751825,0.5540988206514729,0.20426688316017555,0.5448407340812568,min_df5_maxdf05_sublinear,7346,10
39,106.93845238405072,0.21604661241280096,0.5494057241575568,0.19231841680467449,0.5398689882253596,min_df5_maxdf05_sublinear,7346,10
40,106.59970546159293,0.21772967747595673,0.5489843207140328,0.1932835545718791,0.5391319284616782,min_df5_maxdf05_sublinear,7346,10
2,855.0787851078228,0.10867773020344554,0.45854213879105166,0.3319941263633647,0.4579043879358635,min_df5_maxdf05_sublinear,7346,20
3,774.3116416391376,0.13364458125001685,0.6488010307847478,0.5375202008387197,0.6480838658801539,min_df5_maxdf05_sublinear,7346,20
4,697.7848469342763,0.16482008169029877,0.7407149940101271,0.679524475872104,0.7399966797768527,min_df5_maxdf05_sublinear,7346,20
5,623.2500084316216,0.205106819321356,0.864788814372586,0.898491654844956,0.8643324403606678,min_df5_maxdf05_sublinear,7346,20
6,598.1803520349991,0.20138391620148208,0.8495378577023502,0.8714178458033623,0.848922838696304,min_df5_maxdf05_sublinear,7346,20
7,568.1296979008964,0.2095715800786764,0.7744873259541664,0.7444599499816962,0.7734298471040243,min_df5_maxdf05_sublinear,7346,20
8,542.6836768338652,0.19257392904110632,0.7652523091480095,0.72207528443953,0.7640101836735195,min_df5_maxdf05_sublinear,7346,20
9,504.0104952557304,0.21281043829245763,0.7367598185219341,0.6203417009161867,0.735230579200249,min_df5_maxdf05_sublinear,7346,20
10,484.5859944515636,0.21289860789742907,0.686631649311089,0.5508967291594119,0.684645036577095,min_df5_maxdf05_sublinear,7346,20
11,449.33338333046316,0.23424817675287066,0.6740919535002725,0.5065348504107768,0.6718520307696437,min_df5_maxdf05_sublinear,7346,20
12,431.41443436118834,0.24014453054321677,0.6675699903177036,0.4945036299686208,0.6650975935615246,min_df5_maxdf05_sublinear,7346,20
13,408.1860993660481,0.24505849877231337,0.6526505223400905,0.4485881877725264,0.6498886041707123,min_df5_maxdf05_sublinear,7346,20
14,390.42607354781603,0.252675943753745,0.6374563587192428,0.42134949839768576,0.6343819167868616,min_df5_maxdf05_sublinear,7346,20
15,379.46761063149614,0.2569879777501692,0.6435471292718044,0.4190411638075493,0.6402943677779216,min_df5_maxdf05_sublinear,7346,20
16,349.2822820487736,0.2803350096025221,0.6321593445847189,0.39286921229586014,0.6286106042916455,min_df5_maxdf05_sublinear,7346,20
17,340.4499412142929,0.2799308253681992,0.6313524830192689,0.3848915425292482,0.6275805679879146,min_df5_maxdf05_sublinear,7346,20
18,326.37029581124443,0.28393756136393467,0.6246685746323287,0.3709839261070118,0.6206254246107425,min_df5_maxdf05_sublinear,7346,20
19,317.7603573358268,0.2780572043405891,0.6184693299133841,0.3518548978208076,0.6141782282728389,min_df5_maxdf05_sublinear,7346,20
20,313.28158882560473,0.2681606929163516,0.6130619345045148,0.341855110450454,0.6085040017435402,min_df5_maxdf05_sublinear,7346,20
21,288.74360200341096,0.2831436339611022,0.610049935284608,0.3174949895331857,0.6053031101877626,min_df5_maxdf05_sublinear,7346,20
22,283.0810318706984,0.28405651373544355,0.6020608237720341,0.3089090615285302,0.5969934715582677,min_df5_maxdf05_sublinear,7346,20
23,275.8328732919155,0.2818487427396422,0.5928792904254673,0.2929186499621279,0.5874940754929222,min_df5_maxdf05_sublinear,7346,20
24,270.8155480615909,0.2707220391587827,0.580355515754258,0.2698859189222221,0.574624143919007,min_df5_maxdf05_sublinear,7346,20
25,267.8503711655346,0.26316626367013357,0.576939202247283,0.26466507846328446,0.5709304090853387,min_df5_maxdf05_sublinear,7346,20
26,265.07161459838534,0.2545704146201258,0.576969083713342,0.2584574588352379,0.5707493035636007,min_df5_maxdf05_sublinear,7346,20
27,257.83268793582806,0.25531680103410925,0.5728200587240195,0.2510933594168377,0.5663590384700598,min_df5_maxdf05_sublinear,7346,20
28,256.0800852147202,0.25487823344928906,0.569033916334195,0.24725149750646072,0.5622803210668414,min_df5_maxdf05_sublinear,7346,20
29,252.53376436750943,0.2523682239945361,0.573247490153786,0.24554290218562494,0.5663621134495709,min_df5_maxdf05_sublinear,7346,20
30,248.7786201789576,0.24782781412333138,0.5701417754414446,0.23833818207531626,0.5630106778219818,min_df5_maxdf05_sublinear,7346,20
31,244.6530586951678,0.24385363553378112,0.5679140626890665,0.2308512237738475,0.56053689407622,min_df5_maxdf05_sublinear,7346,20
32,241.90032658455746,0.24655612879619726,0.5683222144093675,0.22869142159007774,0.560736412873699,min_df5_maxdf05_sublinear,7346,20
33,237.39553468714956,0.24373019347043617,0.5605265820348637,0.22002091480672709,0.55260594249576,min_df5_maxdf05_sublinear,7346,20
34,235.7601190176866,0.2416558943709063,0.5572151151841251,0.21684762441382147,0.5490012176069184,min_df5_maxdf05_sublinear,7346,20
35,232.53100926867597,0.23468581912069042,0.5554265226807441,0.2115669439966984,0.5469548988418313,min_df5_maxdf05_sublinear,7346,20
36,230.14180529772318,0.2324150604460155,0.5503778391917479,0.20713024969510146,0.5415964215592667,min_df5_maxdf05_sublinear,7346,20
37,226.73722443497715,0.21919465469862268,0.5491643484483366,0.19333143232982908,0.540182927675617,min_df5_maxdf05_sublinear,7346,20
38,223.7727815823248,0.21792792080643192,0.5471610614658624,0.1869903260885279,0.5379444387954347,min_df5_maxdf05_sublinear,7346,20
39,222.52449404009394,0.21649152102434352,0.5464372921805666,0.1846999315425965,0.5369622114628179,min_df5_maxdf05_sublinear,7346,20
40,219.9711446547237,0.214371404212695,0.5439694301614683,0.17991653381766312,0.5342207939137128,min_df5_maxdf05_sublinear,7346,20
2,1183.4380459068193,0.040950791811303525,0.4020685508490862,0.3000077954842286,0.40136659088384946,min_df5_maxdf05_sublinear,7346,100
3,1144.3774063025658,0.04747989837430097,0.6501455565688153,0.5356986644908793,0.6494301920276311,min_df5_maxdf05_sublinear,7346,100
4,1108.4232105525775,0.05862624345331358,0.768034069985721,0.718355287623066,0.7673963348745632,min_df5_maxdf05_sublinear,7346,100
5,1069.0104867216871,0.0715315346965169,0.8732483236164053,0.9053452591840612,0.8728204294595412,min_df5_maxdf05_sublinear,7346,100
6,1053.581532934413,0.06645171205172902,0.8253811405412401,0.8357154027847643,0.8246731537284113,min_df5_maxdf05_sublinear,7346,100
7,1040.9681635512695,0.06396769876925,0.808538565673035,0.7993441154555996,0.8076375518729294,min_df5_maxdf05_sublinear,7346,100
8,1021.8096966269572,0.06901413174827421,0.7554125351288773,0.6950540890974308,0.7541198780975287,min_df5_maxdf05_sublinear,7346,100
9,1006.0799776421023,0.06579715251137595,0.6878741699334479,0.5510031728549818,0.6860553479579252,min_df5_maxdf05_sublinear,7346,100
10,988.1010407337333,0.07228439869544084,0.6743540731367168,0.5232078744322014,0.6722554236395192,min_df5_maxdf05_sublinear,7346,100
11,967.4977294648868,0.08076895752700573,0.7211884508522796,0.5653118279262365,0.7192388134797155,min_df5_maxdf05_sublinear,7346,100
12,959.4305345221626,0.078580316605147,0.686543487220851,0.5239883886292267,0.6841844556631135,min_df5_maxdf05_sublinear,7346,100
13,942.5638953531818,0.08362636831541234,0.6646673420822684,0.4554736835337121,0.6619891235583228,min_df5_maxdf05_sublinear,7346,100
14,934.5055289045022,0.08612883683738073,0.6538207784028595,0.440860897637253,0.6508567526233714,min_df5_maxdf05_sublinear,7346,100
15,924.7840339354246,0.08651559975573202,0.6465381486633924,0.42774424633460834,0.6433079650424295,min_df5_maxdf05_sublinear,7346,100
16,914.683888923126,0.08895092195387003,0.6392924450535846,0.40010036150363465,0.6358132724768327,min_df5_maxdf05_sublinear,7346,100
17,903.7486480279042,0.09076850207801435,0.6277493102962184,0.38644918030013686,0.6239677079311462,min_df5_maxdf05_sublinear,7346,100
18,896.5346860278541,0.09094575616163524,0.6168620930754702,0.3578583884147573,0.6127871866731867,min_df5_maxdf05_sublinear,7346,100
19,892.7732661544075,0.0872095166268545,0.6062424918063919,0.33749220191153484,0.6018649925812831,min_df5_maxdf05_sublinear,7346,100
20,880.1800713330284,0.09160951951526629,0.595213158915418,0.3303574527388654,0.590493036136633,min_df5_maxdf05_sublinear,7346,100
21,866.2725576417753,0.09457437921749731,0.6272505670443252,0.3404591373679035,0.6226727521956104,min_df5_maxdf05_sublinear,7346,100
22,858.852515846038,0.09624864270696692,0.6188775566259043,0.32354986799958785,0.6140184186237155,min_df5_maxdf05_sublinear,7346,100
23,850.253201665659,0.09930229354913188,0.6120554467309672,0.31678513159896665,0.6068940818037615,min_df5_maxdf05_sublinear,7346,100
24,845.536076029161,0.09908552013670696,0.610317713429862,0.3025781293846855,0.6049583964416725,min_df5_maxdf05_sublinear,7346,100
25,842.5280614484977,0.09764781483615849,0.5976410613657972,0.28804122018568096,0.5919139670587931,min_df5_maxdf05_sublinear,7346,100
26,833.7708026158853,0.09927001891786147,0.5921149600397208,0.27760052322366807,0.5860965267283699,min_df5_maxdf05_sublinear,7346,100
27,825.4467136308147,0.10173741100440356,0.5821636172588954,0.26600343962154543,0.5757991617459411,min_df5_maxdf05_sublinear,7346,100
28,819.1183560868648,0.10200693874217327,0.5730985804790877,0.2537749703959475,0.5664008732991074,min_df5_maxdf05_sublinear,7346,100
29,815.1351818569881,0.09985977574402012,0.5648622537268833,0.24000772402087597,0.5578338237966851,min_df5_maxdf05_sublinear,7346,100
30,810.0472769236915,0.09958831503249675,0.5573448583256778,0.2217406542143968,0.550026198519604,min_df5_maxdf05_sublinear,7346,100
31,804.1553284018282,0.1018792683436752,0.5603639450223917,0.2221255117028737,0.5528587146366162,min_df5_maxdf05_sublinear,7346,100
32,799.3975385975316,0.10396669720312404,0.5658602124816084,0.22117171287547285,0.5582290220665108,min_df5_maxdf05_sublinear,7346,100
33,790.0780666517128,0.10713630649696661,0.5499329007084021,0.2120542013147163,0.5417658357392857,min_df5_maxdf05_sublinear,7346,100
34,784.0275278933439,0.10885223489172026,0.5568448274462111,0.21335264476843657,0.548598744373277,min_df5_maxdf05_sublinear,7346,100
35,776.455349410287,0.1116683899984531,0.5541057651323804,0.2098055655510042,0.5455786750504156,min_df5_maxdf05_sublinear,7346,100
36,771.632861884208,0.11321965835444417,0.5401712103450189,0.20350741574426984,0.5311357801725708,min_df5_maxdf05_sublinear,7346,100
37,766.0832451767275,0.11234553200032558,0.536939595337851,0.1971468661545715,0.5276284318719561,min_df5_maxdf05_sublinear,7346,100
38,760.842527786783,0.11366587140578083,0.5344451389495077,0.1930091014380896,0.5248503466958025,min_df5_maxdf05_sublinear,7346,100
39,756.0170045083983,0.11612069003806641,0.5337883532474929,0.19134790655647993,0.5238819525542598,min_df5_maxdf05_sublinear,7346,100
40,750.531357593257,0.1181010088112475,0.5320234347356915,0.18706392290803445,0.5218772780474614,min_df5_maxdf05_sublinear,7346,100
